{
    "period_hmmer_o3_3-period_hmmer_o2_2-period_hmmer_o2_0-period_hmmer_o3_0": {
        "total_miss_rate": 0.19775620363510407,
        "cpu0.ipc": [
            1.657319,
            1.710601,
            1.701747,
            1.686482
        ],
        "cpu1.ipc": [
            1.766588,
            1.749678,
            1.763292,
            1.743919
        ],
        "cpu2.ipc": [
            1.742918,
            1.755115,
            1.780246,
            1.732206
        ],
        "cpu3.ipc": [
            1.831856,
            1.733014,
            1.69071,
            1.716655
        ],
        "l3.tags.tag_accesses": [
            1329028,
            1266592,
            1363623,
            1346155
        ],
        "l3.demand_miss_rate": [
            0.191426,
            0.184334,
            0.19223,
            0.222246
        ],
        "l3.demand_hits": [
            62941,
            60918,
            64729,
            61546
        ],
        "l3.demand_misses": [
            14901,
            13767,
            15404,
            17587
        ]
    },
    "period_hmmer_o3_0-period_hmmer_o3_3-period_hmmer_o3_1-period_hmmer_o2_2": {
        "total_miss_rate": 0.18779712408391847,
        "cpu0.ipc": [
            1.719879,
            1.751613,
            1.724132,
            1.705339
        ],
        "cpu1.ipc": [
            1.670585,
            1.735806,
            1.663179,
            1.687329
        ],
        "cpu2.ipc": [
            1.713373,
            1.706762,
            1.743485,
            1.745079
        ],
        "cpu3.ipc": [
            1.769406,
            1.733329,
            1.76304,
            1.772404
        ],
        "l3.tags.tag_accesses": [
            1306014,
            1295216,
            1248080,
            1351223
        ],
        "l3.demand_miss_rate": [
            0.21067,
            0.18198,
            0.160319,
            0.196608
        ],
        "l3.demand_hits": [
            60690,
            62392,
            61599,
            63901
        ],
        "l3.demand_misses": [
            16198,
            13880,
            11761,
            15638
        ]
    },
    "period_hmmer_o3_3-period_hmmer_o2_2-period_hmmer_o3_0-period_hmmer_o3_1": {
        "total_miss_rate": 0.20036821898123944,
        "cpu0.ipc": [
            1.643622,
            1.722385,
            1.729998,
            1.687422
        ],
        "cpu1.ipc": [
            1.782202,
            1.750753,
            1.766636,
            1.754296
        ],
        "cpu2.ipc": [
            1.793008,
            1.689076,
            1.702079,
            1.699456
        ],
        "cpu3.ipc": [
            1.69959,
            1.726856,
            1.709453,
            1.726773
        ],
        "l3.tags.tag_accesses": [
            1329919,
            1262685,
            1356838,
            1355158
        ],
        "l3.demand_miss_rate": [
            0.205268,
            0.17945,
            0.192906,
            0.222557
        ],
        "l3.demand_hits": [
            62032,
            61012,
            64323,
            61935
        ],
        "l3.demand_misses": [
            16022,
            13343,
            15374,
            17730
        ]
    },
    "period_hmmer_o3_0-period_hmmer_o2_2-period_hmmer_o2_0-period_hmmer_o3_3": {
        "total_miss_rate": 0.179299873581045,
        "cpu0.ipc": [
            1.734846,
            1.757003,
            1.756706,
            1.684053
        ],
        "cpu1.ipc": [
            1.770571,
            1.742864,
            1.740787,
            1.777912
        ],
        "cpu2.ipc": [
            1.753908,
            1.763822,
            1.772901,
            1.766495
        ],
        "cpu3.ipc": [
            1.696115,
            1.738219,
            1.684221,
            1.723205
        ],
        "l3.tags.tag_accesses": [
            1311484,
            1301468,
            1256198,
            1349531
        ],
        "l3.demand_miss_rate": [
            0.193017,
            0.171829,
            0.158743,
            0.192354
        ],
        "l3.demand_hits": [
            62128,
            63534,
            62147,
            64077
        ],
        "l3.demand_misses": [
            14860,
            13182,
            11727,
            15261
        ]
    },
    "period_hmmer_o3_0-period_hmmer_o3_3-period_hmmer_o2_2-period_hmmer_o3_1": {
        "total_miss_rate": 0.18742484053121405,
        "cpu0.ipc": [
            1.750778,
            1.734704,
            1.730524,
            1.689194
        ],
        "cpu1.ipc": [
            1.677544,
            1.688811,
            1.666124,
            1.701954
        ],
        "cpu2.ipc": [
            1.767156,
            1.730034,
            1.752543,
            1.758501
        ],
        "cpu3.ipc": [
            1.724468,
            1.747733,
            1.712275,
            1.760096
        ],
        "l3.tags.tag_accesses": [
            1305633,
            1295219,
            1246986,
            1351231
        ],
        "l3.demand_miss_rate": [
            0.208863,
            0.181457,
            0.161404,
            0.196414
        ],
        "l3.demand_hits": [
            60821,
            62445,
            61485,
            63910
        ],
        "l3.demand_misses": [
            16057,
            13843,
            11834,
            15621
        ]
    },
    "period_hmmer_o3_1-period_hmmer_o3_0-period_hmmer_o2_2-period_hmmer_o3_3": {
        "total_miss_rate": 0.20093972000833882,
        "cpu0.ipc": [
            1.715816,
            1.738877,
            1.718646,
            1.691086
        ],
        "cpu1.ipc": [
            1.791831,
            1.674429,
            1.676283,
            1.699044
        ],
        "cpu2.ipc": [
            1.779041,
            1.731223,
            1.767377,
            1.754778
        ],
        "cpu3.ipc": [
            1.656279,
            1.739674,
            1.697092,
            1.680614
        ],
        "l3.tags.tag_accesses": [
            1329659,
            1262751,
            1356877,
            1355876
        ],
        "l3.demand_miss_rate": [
            0.208307,
            0.179116,
            0.192805,
            0.222225
        ],
        "l3.demand_hits": [
            61775,
            61050,
            64327,
            61991
        ],
        "l3.demand_misses": [
            16254,
            13321,
            15365,
            17712
        ]
    },
    "period_hmmer_o3_0-period_hmmer_o3_3-period_hmmer_o2_2-period_hmmer_o2_0": {
        "total_miss_rate": 0.1823797626890888,
        "cpu0.ipc": [
            1.752847,
            1.753121,
            1.704704,
            1.672318
        ],
        "cpu1.ipc": [
            1.682122,
            1.71391,
            1.674808,
            1.715829
        ],
        "cpu2.ipc": [
            1.785319,
            1.736979,
            1.7695,
            1.772103
        ],
        "cpu3.ipc": [
            1.773091,
            1.765629,
            1.767127,
            1.797912
        ],
        "l3.tags.tag_accesses": [
            1310519,
            1301181,
            1255457,
            1343807
        ],
        "l3.demand_miss_rate": [
            0.190067,
            0.18681,
            0.156637,
            0.194625
        ],
        "l3.demand_hits": [
            62330,
            62392,
            62252,
            63710
        ],
        "l3.demand_misses": [
            14627,
            14333,
            11562,
            15396
        ]
    },
    "period_hmmer_o3_3-period_hmmer_o2_2-period_hmmer_o3_0-period_hmmer_o2_0": {
        "total_miss_rate": 0.19884265867733336,
        "cpu0.ipc": [
            1.655765,
            1.722048,
            1.705473,
            1.68394
        ],