{
    "hmmer_o31-hmmer0-hmmer_o30-hmmer1": {
        "total_miss_rate": 0.7208394316924285,
        "cpu0.ipc": 1.53851230625,
        "cpu0.ipc_list": [
            1.525328475,
            1.560483,
            1.53218225,
            1.5360555
        ],
        "cpu0.ipc_list_norm": [
            0.9914307924633151,
            1.0142804796950582,
            0.9958855992088689,
            0.9984031286327582
        ],
        "cpu1.ipc": 1.6202040624999998,
        "cpu1.ipc_list": [
            1.58748275,
            1.6349129999999998,
            1.6413575000000002,
            1.617063
        ],
        "cpu1.ipc_list_norm": [
            0.9798042029042253,
            1.009078447487228,
            1.0130560328724028,
            0.9980613167361442
        ],
        "cpu2.ipc": 1.5657646875,
        "cpu2.ipc_list": [
            1.56999275,
            1.57494325,
            1.557473,
            1.56064975
        ],
        "cpu2.ipc_list_norm": [
            1.0027003179556635,
            1.0058620318706095,
            0.9947043846586943,
            0.9967332655150329
        ],
        "cpu3.ipc": 1.62462925,
        "cpu3.ipc_list": [
            1.5808575,
            1.6855657499999999,
            1.6105179999999997,
            1.6215757499999999
        ],
        "cpu3.ipc_list_norm": [
            0.9730573914017614,
            1.037507942196658,
            0.9913141721411206,
            0.9981204942604597
        ]
    }
}