{
    "period_hmmer_o3_0-period_hmmer_o3_3-period_hmmer_o2_0-period_hmmer_o2_2": {
        "total_miss_rate": 0.8668236030596076,
        "cpu0.ipc": [
            1.626432,
            1.565274,
            1.556798,
            1.557464
        ],
        "cpu1.ipc": [
            1.544044,
            1.524738,
            1.537726,
            1.549677
        ],
        "cpu2.ipc": [
            1.590527,
            1.551107,
            1.560841,
            1.584799
        ],
        "cpu3.ipc": [
            1.682438,
            1.535299,
            1.544589,
            1.565771
        ],
        "l3.tags.tag_accesses": [
            1310263,
            1301679,
            1256498,
            1343431
        ],
        "l3.demand_miss_rate": [
            0.713063,
            0.91625,
            0.927593,
            0.91172
        ],
        "l3.demand_hits": [
            22085,
            6428,
            5349,
            6984
        ],
        "l3.demand_misses": [
            54883,
            70324,
            68525,
            72128
        ]
    },
    "period_hmmer_o3_0-period_hmmer_o3_3-period_hmmer_o2_2-period_hmmer_o2_0": {
        "total_miss_rate": 0.867030329905378,
        "cpu0.ipc": [
            1.64116,
            1.571925,
            1.53598,
            1.552164
        ],
        "cpu1.ipc": [
            1.544095,
            1.521306,
            1.528735,
            1.537327
        ],
        "cpu2.ipc": [
            1.681658,
            1.543185,
            1.549441,
            1.56857
        ],
        "cpu3.ipc": [
            1.586638,
            1.558232,
            1.579071,
            1.587913
        ],
        "l3.tags.tag_accesses": [
            1310110,
            1301800,
            1256382,
            1343369
        ],
        "l3.demand_miss_rate": [
            0.714941,
            0.915662,
            0.927937,
            0.910903
        ],
        "l3.demand_hits": [
            21935,
            6474,
            5323,
            7049
        ],
        "l3.demand_misses": [
            55014,
            70289,
            68543,
            72067
        ]
    },
    "period_hmmer_o2_2-period_hmmer_o2_0-period_hmmer_o3_3-period_hmmer_o3_0": {
        "total_miss_rate": 0.8772426757170307,
        "cpu0.ipc": [
            1.610689,
            1.52923,
            1.544824,
            1.535332
        ],
        "cpu1.ipc": [
            1.601535,
            1.552972,
            1.576072,
            1.554081
        ],
        "cpu2.ipc": [
            1.507868,
            1.494415,
            1.51529,
            1.518442
        ],
        "cpu3.ipc": [
            1.684301,
            1.496153,
            1.555182,
            1.55085
        ],
        "l3.tags.tag_accesses": [
            1329700,
            1265466,
            1355747,
            1350510
        ],
        "l3.demand_miss_rate": [
            0.724501,
            0.916831,
            0.914357,
            0.952496
        ],
        "l3.demand_hits": [
            21449,
            6209,
            6840,
            3770
        ],
        "l3.demand_misses": [
            56406,
            68446,
            73026,
            75591
        ]
    },
    "period_hmmer_o2_2-period_hmmer_o2_0-period_hmmer_o3_0-period_hmmer_o3_3": {
        "total_miss_rate": 0.8794977817840038,
        "cpu0.ipc": [
            1.623978,
            1.535316,
            1.545783,
            1.551378
        ],
        "cpu1.ipc": [
            1.581732,
            1.557838,
            1.582221,
            1.573502
        ],
        "cpu2.ipc": [
            1.652994,
            1.506283,
            1.574284,
            1.568636
        ],
        "cpu3.ipc": [
            1.517982,
            1.503158,
            1.523453,
            1.526
        ],
        "l3.tags.tag_accesses": [
            1329739,
            1266086,
            1356099,
            1349800
        ],
        "l3.demand_miss_rate": [
            0.730245,
            0.919683,
            0.914712,
            0.952723
        ],
        "l3.demand_hits": [
            21005,
            5998,
            6812,
            3750
        ],
        "l3.demand_misses": [
            56862,
            68681,
            73059,
            75570
        ]
    },
    "period_hmmer_o3_3-period_hmmer_o3_0-period_hmmer_o2_0-period_hmmer_o2_2": {
        "total_miss_rate": 0.8797238185643184,
        "cpu0.ipc": [
            1.528398,
            1.518368,
            1.515353,
            1.530181
        ],
        "cpu1.ipc": [
            1.658108,
            1.510716,
            1.556301,
            1.569291
        ],
        "cpu2.ipc": [
            1.590747,
            1.571073,
            1.570327,
            1.562479
        ],
        "cpu3.ipc": [
            1.626268,
            1.546722,
            1.546385,
            1.546019
        ],
        "l3.tags.tag_accesses": [
            1329801,
            1266392,
            1356040,
            1350648
        ],
        "l3.demand_miss_rate": [
            0.73085,
            0.919386,
            0.915651,
            0.952299
        ],
        "l3.demand_hits": [
            20959,
            6022,
            6738,
            3786
        ],
        "l3.demand_misses": [
            56912,
            68680,
            73144,
            75583
        ]
    },
    "period_hmmer_o3_0-period_hmmer_o3_3-period_hmmer_o2_2-period_hmmer_o3_1": {
        "total_miss_rate": 0.8805780535597648,
        "cpu0.ipc": [
            1.618902,
            1.55639,
            1.532204,
            1.522708
        ],
        "cpu1.ipc": [
            1.551798,
            1.510963,
            1.513764,
            1.523143
        ],
        "cpu2.ipc": [
            1.668791,
            1.554292,
            1.5773,
            1.578195
        ],
        "cpu3.ipc": [
            1.577573,
            1.531287,
            1.552149,
            1.526441
        ],
        "l3.tags.tag_accesses": [
            1307599,
            1295958,
            1247630,
            1350516
        ],
        "l3.demand_miss_rate": [
            0.755517,
            0.922887,
            0.934979,
            0.91085
        ],
        "l3.demand_hits": [
            18821,
            5887,
            4769,
            7090
        ],
        "l3.demand_misses": [
            58162,
            70456,
            68576,
            72439
        ]
    },
    "period_hmmer_o3_0-period_hmmer_o3_3-period_hmmer_o3_1-period_hmmer_o2_2": {
        "total_miss_rate": 0.8820843905832101,
        "cpu0.ipc": [
            1.620555,
            1.569953,
            1.511354,
            1.517229
        ],
        "cpu1.ipc": [
            1.536982,
            1.506021,
            1.5078,
            1.529146
        ],
        "cpu2.ipc": [
            1.567351,
            1.541003,
            1.537602,
            1.518377
        ],
        "cpu3.ipc": [
            1.663624,
            1.556048,
            1.554773,
            1.565078
        ],
        "l3.tags.tag_accesses": [
            1308947,
            1296118,
            1247334,
            1349898
        ],
        "l3.demand_miss_rate": [
            0.760803,
            0.922083,
            0.933512,
            0.913765
        ],
        "l3.demand_hits": [
            18428,
            5948,
            4876,
            6856
        ],
        "l3.demand_misses": [
            58613,
            70390,
            68460,
            72648
        ]
    },
    "period_hmmer_o3_3-period_hmmer_o2_2-period_hmmer_o2_0-period_hmmer_o3_0": {
        "total_miss_rate": 0.8843334691298225,
        "cpu0.ipc": [
            1.520695,
            1.494447,
            1.529873,
            1.525625
        ],